,,,,,,,,Playing Time,,,,Performance,,,,,,,,,,Penalty Kicks,,,,,
Rk,Player,Nation,Pos,Squad,Comp,Age,Born,MP,Starts,Min,90s,GA,GA90,SoTA,Saves,Save%,W,D,L,CS,CS%,PKatt,PKA,PKsv,PKm,Save%,Matches
1,Adrián\Adrian,es ESP,GK,Liverpool,eng Premier League,34-092,1987,3,3,270,3.0,9,3.00,19,10,52.6,1,1,1,1,33.3,0,0,0,0,,Matches
2,Rúnar Alex Rúnarsson\Runar-Alex-Runarsson,is ISL,GK,Arsenal,eng Premier League,26-046,1995,1,0,16,0.2,0,0.00,2,2,100.0,0,0,0,0,,0,0,0,0,,Matches
3,Alisson\Alisson,br BRA,GK,Liverpool,eng Premier League,28-185,1992,25,25,2250,25.0,26,1.04,80,57,72.5,12,6,7,7,28.0,8,4,1,3,20.0,Matches
4,Saturnin Allagbé\Saturnin-Allagbe,bj BEN,GK,Dijon,fr Ligue 1,27-134,1993,5,5,450,5.0,10,2.00,24,14,58.3,0,2,3,1,20.0,1,0,0,1,,Matches
5,Nícolas Andrade\Nicolas-Andrade,br BRA,GK,Udinese,it Serie A,32-358,1988,2,2,180,2.0,5,2.50,7,2,28.6,1,0,1,0,0.0,0,0,0,0,,Matches
6,Ángel\Angel,es ESP,GK,Granada,es La Liga,18-287,2002,1,1,90,1.0,2,2.00,7,6,85.7,0,0,1,0,0.0,2,1,1,0,50.0,Matches
7,Alphonse Areola\Alphonse-Areola,fr FRA,GK,Fulham,eng Premier League,28-037,1993,30,30,2700,30.0,38,1.27,126,94,74.6,5,11,14,9,30.0,6,6,0,0,0.0,Matches
8,Kepa Arrizabalaga\Kepa-Arrizabalaga,es ESP,GK,Chelsea,eng Premier League,26-184,1994,4,4,360,4.0,6,1.50,18,12,66.7,2,1,1,1,25.0,0,0,0,0,,Matches
9,Sergio Asenjo\Sergio-Asenjo,es ESP,GK,Villarreal,es La Liga,31-281,1989,29,29,2610,29.0,32,1.10,88,64,69.3,11,13,5,7,24.1,7,5,1,1,16.7,Matches
10,Emil Audero\Emil-Audero,it ITA,GK,Sampdoria,it Serie A,24-077,1997,29,29,2610,29.0,43,1.48,126,88,70.6,10,6,13,3,10.3,7,6,1,0,14.3,Matches
11,Édgar Badía\Edgar-Badia,es ESP,GK,Elche,es La Liga,29-052,1992,29,29,2610,29.0,43,1.48,131,91,70.2,5,11,13,5,17.2,8,4,3,1,42.9,Matches
12,Stefan Bajic\Stefan-Bajic,fr FRA,GK,Saint-Étienne,fr Ligue 1,19-103,2001,1,1,90,1.0,4,4.00,4,0,0.0,0,0,1,0,0.0,1,0,0,1,,Matches
13,Oliver Baumann\Oliver-Baumann,de GER,GK,Hoffenheim,de Bundesliga,30-307,1990,26,26,2340,26.0,46,1.77,110,69,62.7,8,5,13,4,15.4,8,5,2,1,28.6,Matches
14,Walter Benítez\Walter-Benitez,ar ARG,GK,Nice,fr Ligue 1,28-017,1993,31,31,2790,31.0,42,1.35,145,107,75.2,12,6,13,8,25.8,6,6,0,0,0.0,Matches
15,Paul Bernardoni\Paul-Bernardoni,fr FRA,GK,Angers,fr Ligue 1,23-352,1997,31,31,2790,31.0,44,1.42,107,67,62.6,11,8,12,8,25.8,5,4,1,0,20.0,Matches
16,Dimitry Bertaud\Dimitry-Bertaud,fr FRA,GK,Montpellier,fr Ligue 1,22-303,1998,6,4,475,5.3,8,1.52,21,13,66.7,2,1,1,2,50.0,1,1,0,0,0.0,Matches
17,Rubén Blanco\Ruben-Blanco,es ESP,GK,Celta Vigo,es La Liga,25-254,1995,19,19,1637,18.2,27,1.48,60,34,56.7,7,6,6,4,21.1,1,1,0,0,0.0,Matches
18,Yassine Bounou\Yassine-Bounou,ma MAR,GK,Sevilla,es La Liga,30-000,1991,25,25,2250,25.0,16,0.64,77,65,81.8,16,4,5,13,52.0,4,2,2,0,50.0,Matches
19,Claudio Bravo\Claudio-Bravo,cl CHI,GK,Betis,es La Liga,37-357,1983,11,11,990,11.0,17,1.55,41,26,63.4,5,2,4,4,36.4,3,2,1,0,33.3,Matches
20,Gianluigi Buffon\Gianluigi-Buffon,it ITA,GK,Juventus,it Serie A,43-067,1978,5,5,450,5.0,2,0.40,11,10,90.9,4,1,0,3,60.0,1,1,0,0,0.0,Matches
21,Roman Bürki\Roman-Burki,ch SUI,GK,Dortmund,de Bundesliga,30-142,1990,16,16,1440,16.0,26,1.62,72,48,66.7,7,2,7,4,25.0,2,2,0,0,0.0,Matches
22,David Button\David-Button,eng ENG,GK,West Brom,eng Premier League,32-037,1989,1,1,90,1.0,2,2.00,7,5,71.4,1,0,0,0,0.0,0,0,0,0,,Matches
23,Marcin Bułka\Marcin-Bulka,pl POL,GK,Paris S-G,fr Ligue 1,21-183,1999,1,1,90,1.0,1,1.00,3,2,66.7,0,0,1,0,0.0,0,0,0,0,,Matches
24,Willy Caballero\Willy-Caballero,ar ARG,GK,Chelsea,eng Premier League,39-189,1981,1,1,90,1.0,3,3.00,3,0,0.0,0,1,0,0,0.0,0,0,0,0,,Matches
25,Marc-Aurèle Caillard\Marc-Aurele-Caillard,fr FRA,GK,Metz,fr Ligue 1,26-328,1994,5,4,361,4.0,10,2.49,20,13,65.0,0,1,3,0,0.0,3,3,0,0,0.0,Matches
26,Cárdenas\Cardenas,es ESP,GK,Levante,es La Liga,24-008,1997,3,3,270,3.0,2,0.67,22,18,90.9,1,1,1,1,33.3,1,0,0,1,,Matches
27,Kiko Casilla\Kiko-Casilla,es ESP,GK,Leeds United,eng Premier League,34-185,1986,1,1,90,1.0,1,1.00,2,1,50.0,0,0,1,0,0.0,0,0,0,0,,Matches
28,Koen Casteels\Koen-Casteels,be BEL,GK,Wolfsburg,de Bundesliga,28-284,1992,26,26,2340,26.0,21,0.81,79,61,75.9,15,8,3,13,50.0,3,2,1,0,33.3,Matches
29,Sébastien Cibois\Sebastien-Cibois,fr FRA,GK,Brest,fr Ligue 1,23-034,1998,3,3,270,3.0,4,1.33,10,7,70.0,1,1,1,1,33.3,1,1,0,0,0.0,Matches
30,Alberto Cifuentes\Alberto-Cifuentes,es ESP,GK,Cádiz,es La Liga,41-311,1979,2,2,180,2.0,3,1.50,6,3,50.0,1,0,1,1,50.0,0,0,0,0,,Matches
31,Jasper Cillessen\Jasper-Cillessen,nl NED,GK,Valencia,es La Liga,31-348,1989,5,5,450,5.0,6,1.20,17,11,70.6,3,0,2,1,20.0,1,1,0,0,0.0,Matches
32,Andrea Consigli\Andrea-Consigli,it ITA,GK,Sassuolo,it Serie A,34-068,1987,27,27,2430,27.0,46,1.70,134,91,68.7,10,9,8,4,14.8,4,4,0,0,0.0,Matches
33,Alex Cordaz\Alex-Cordaz,it ITA,GK,Crotone,it Serie A,38-094,1983,29,29,2610,29.0,74,2.55,169,97,59.2,4,3,22,2,6.9,5,5,0,0,0.0,Matches
34,Angelo da Costa Júnior\Angelo-da-Costa-Junior,br BRA,GK,Bologna,it Serie A,37-144,1983,6,6,540,6.0,9,1.50,26,17,69.2,0,5,1,1,16.7,1,1,0,0,0.0,Matches
35,Benoît Costil\Benoit-Costil,fr FRA,GK,Bordeaux,fr Ligue 1,33-276,1987,31,31,2790,31.0,42,1.35,120,82,68.3,10,6,15,12,38.7,5,4,1,0,20.0,Matches
36,Thibaut Courtois\Thibaut-Courtois,be BEL,GK,Real Madrid,es La Liga,28-329,1992,29,29,2610,29.0,23,0.79,83,66,79.5,19,6,4,12,41.4,8,6,2,0,25.0,Matches
37,Alessio Cragno\Alessio-Cragno,it ITA,GK,Cagliari,it Serie A,26-281,1994,29,29,2610,29.0,50,1.72,157,108,71.3,5,7,17,4,13.8,5,5,0,0,0.0,Matches
38,Finn Dahmen\Finn-Dahmen,de GER,GK,Mainz 05,de Bundesliga,23-009,1998,1,1,90,1.0,5,5.00,11,7,63.6,0,0,1,0,0.0,1,1,0,0,0.0,Matches
39,Karl Darlow\Karl-Darlow,eng ENG,GK,Newcastle Utd,eng Premier League,30-179,1990,25,25,2250,25.0,43,1.72,120,81,66.7,7,4,14,4,16.0,4,3,1,0,25.0,Matches
40,Yehvann Diouf\Yehvann-Diouf,fr FRA,GK,Reims,fr Ligue 1,21-140,1999,2,1,135,1.5,1,0.67,5,5,100.0,0,0,1,0,0.0,1,1,0,0,0.0,Matches
41,Marko Dmitrović\Marko-Dmitrovic,rs SRB,GK,Eibar,es La Liga,29-071,1992,28,28,2490,27.7,34,1.23,101,68,69.3,4,10,14,7,25.0,5,3,1,1,25.0,Matches
42,Jaume Doménech\Jaume-Domenech,es ESP,GK,Valencia,es La Liga,30-151,1990,24,24,2160,24.0,34,1.42,105,75,70.5,5,9,10,4,16.7,4,3,1,0,25.0,Matches
43,Gianluigi Donnarumma\Gianluigi-Donnarumma,it ITA,GK,Milan,it Serie A,22-039,1999,28,28,2520,28.0,31,1.11,101,73,71.3,18,5,5,9,32.1,4,2,1,1,33.3,Matches
44,Bartłomiej Drągowski\Bartlomiej-Dragowski,pl POL,GK,Fiorentina,it Serie A,23-229,1997,29,29,2563,28.5,44,1.55,104,66,62.5,7,9,13,6,20.7,7,5,2,0,28.6,Matches
45,Matthieu Dreyer\Matthieu-Dreyer,fr FRA,GK,Lorient,fr Ligue 1,32-016,1989,13,13,1170,13.0,18,1.38,41,28,65.9,5,5,3,2,15.4,4,4,0,0,0.0,Matches
46,Martin Dúbravka\Martin-Dubravka,sk SVK,GK,Newcastle Utd,eng Premier League,32-080,1989,5,5,450,5.0,7,1.40,21,15,66.7,0,4,1,1,20.0,0,0,0,0,,Matches
47,Ederson\Ederson,br BRA,GK,Manchester City,eng Premier League,27-231,1993,30,30,2700,30.0,20,0.67,62,49,79.0,22,5,3,17,56.7,7,7,0,0,0.0,Matches
48,Łukasz Fabiański\Lukasz-Fabianski,pl POL,GK,West Ham,eng Premier League,35-352,1985,27,27,2430,27.0,33,1.22,102,73,69.6,13,7,7,9,33.3,5,2,2,1,50.0,Matches
49,Ralf Fährmann\Ralf-Fahrmann,de GER,GK,Schalke 04,de Bundesliga,32-190,1988,15,15,1246,13.8,35,2.53,87,56,62.1,1,3,11,2,13.3,2,2,0,0,0.0,Matches
50,Wuilker Faríñez\Wuilker-Farinez,ve VEN,GK,Lens,fr Ligue 1,23-049,1998,1,0,6,0.1,1,15.00,0,0,,0,0,0,0,,1,1,0,0,0.0,Matches
51,Aitor Fernández\Aitor-Fernandez,es ESP,GK,Levante,es La Liga,29-337,1991,25,25,2250,25.0,35,1.40,99,66,67.7,7,10,8,2,8.0,3,3,0,0,0.0,Matches
52,Álvaro Fernández\Alvaro-Fernandez,es ESP,GK,Huesca,es La Liga,22-357,1998,16,16,1440,16.0,27,1.69,69,42,62.3,3,4,9,2,12.5,1,1,0,0,0.0,Matches
53,Andrés Fernández\Andres-Fernandez,es ESP,GK,Huesca,es La Liga,34-109,1986,13,13,1170,13.0,17,1.31,41,26,65.9,1,8,4,4,30.8,3,3,0,0,0.0,Matches
54,Fraser Forster\Fraser-Forster,eng ENG,GK,Southampton,eng Premier League,33-019,1988,5,5,450,5.0,5,1.00,14,10,71.4,3,0,2,2,40.0,1,1,0,0,0.0,Matches
55,David de Gea\David-de-Gea,es ESP,GK,Manchester Utd,eng Premier League,30-149,1990,24,24,2115,23.5,29,1.23,77,53,67.5,12,8,4,9,37.5,4,4,0,0,0.0,Matches
56,Rafał Gikiewicz\Rafal-Gikiewicz,pl POL,GK,Augsburg,de Bundesliga,33-161,1987,27,27,2430,27.0,42,1.56,136,100,73.5,9,5,13,5,18.5,10,6,2,2,25.0,Matches
57,David Gil\David-Gil,es ESP,GK,Cádiz,es La Liga,27-084,1994,1,1,90,1.0,2,2.00,3,1,33.3,0,0,1,0,0.0,0,0,0,0,,Matches
58,Pierluigi Gollini\Pierluigi-Gollini,it ITA,GK,Atalanta,it Serie A,26-018,1995,17,17,1505,16.7,18,1.08,47,29,63.8,9,6,2,6,35.3,3,1,2,0,66.7,Matches
59,Alfred Gomis\Alfred-Gomis,sn SEN,GK,Rennes,fr Ligue 1,27-212,1993,15,15,1350,15.0,20,1.33,57,38,66.7,3,4,8,2,13.3,2,1,0,1,0.0,Matches
60,Alfred Gomis\Alfred-Gomis,sn SEN,GK,Dijon,fr Ligue 1,27-212,1993,5,5,450,5.0,10,2.00,24,18,70.8,0,1,4,0,0.0,3,3,0,0,0.0,Matches
61,Etienne Green\Etienne-Green,fr FRA,GK,Saint-Étienne,fr Ligue 1,20-260,2000,1,1,90,1.0,0,0.00,1,2,100.0,1,0,0,1,100.0,1,0,1,0,100.0,Matches
62,Lennart Grill\Lennart-Grill,de GER,GK,Leverkusen,de Bundesliga,22-070,1999,4,4,360,4.0,7,1.75,20,13,65.0,1,0,3,1,25.0,0,0,0,0,,Matches
63,Vicente Guaita\Vicente-Guaita,es ESP,GK,Crystal Palace,eng Premier League,34-085,1987,29,29,2610,29.0,47,1.62,130,84,66.2,10,7,12,7,24.1,4,3,1,0,25.0,Matches
64,Péter Gulácsi\Peter-Gulacsi,hu HUN,GK,RB Leipzig,de Bundesliga,30-334,1990,27,27,2430,27.0,22,0.81,65,43,69.2,17,6,4,13,48.1,2,2,0,0,0.0,Matches
65,Samir Handanović\Samir-Handanovic,si SVN,GK,Inter,it Serie A,36-265,1984,28,28,2520,28.0,26,0.93,91,67,74.7,21,5,2,11,39.3,4,3,1,0,25.0,Matches
66,Dean Henderson\Dean-Henderson,eng ENG,GK,Manchester Utd,eng Premier League,24-024,1997,7,6,585,6.5,4,0.62,25,21,84.0,5,1,0,3,50.0,0,0,0,0,,Matches
67,Sergio Herrera\Sergio-Herrera,es ESP,GK,Osasuna,es La Liga,27-304,1993,26,25,2328,25.9,30,1.16,88,63,70.5,7,7,11,9,36.0,8,4,3,1,42.9,Matches
68,Marwin Hitz\Marwin-Hitz,ch SUI,GK,Dortmund,de Bundesliga,33-199,1987,11,11,990,11.0,13,1.18,31,20,64.5,6,2,3,5,45.5,2,2,0,0,0.0,Matches
69,Timo Horn\Timo-Horn,de GER,GK,Köln,de Bundesliga,27-328,1993,27,27,2379,26.4,46,1.74,122,83,68.0,5,8,14,3,11.1,8,7,1,0,12.5,Matches
70,Lukáš Hrádecký\Lukas-Hradecky,fi FIN,GK,Leverkusen,de Bundesliga,31-132,1989,22,22,1935,21.5,22,1.02,57,38,63.2,11,6,5,5,22.7,2,1,1,0,50.0,Matches
71,Rune Jarstein\Rune-Jarstein,no NOR,GK,Hertha BSC,de Bundesliga,36-188,1984,8,8,720,8.0,13,1.62,31,20,61.3,2,1,5,1,12.5,2,1,1,0,50.0,Matches
72,Sam Johnstone\Sam-Johnstone,eng ENG,GK,West Brom,eng Premier League,28-011,1993,29,29,2610,29.0,57,1.97,168,116,69.0,3,9,17,5,17.2,8,5,1,2,16.7,Matches
73,Bingourou Kamara\Bingourou-Kamara,sn SEN,GK,Strasbourg,fr Ligue 1,24-166,1996,8,8,720,8.0,14,1.75,31,19,58.1,2,0,6,2,25.0,1,1,0,0,0.0,Matches
74,Loris Karius\Loris-Karius,de GER,GK,Union Berlin,de Bundesliga,27-287,1993,4,3,292,3.2,1,0.31,5,5,80.0,1,2,0,2,66.7,0,0,0,0,,Matches
75,Eiji Kawashima\Eiji-Kawashima,jp JPN,GK,Strasbourg,fr Ligue 1,38-016,1983,22,22,1980,22.0,30,1.36,87,59,69.0,7,6,9,7,31.8,5,3,1,1,25.0,Matches
76,Caoimhín Kelleher\Caoimhin-Kelleher,ie IRL,GK,Liverpool,eng Premier League,22-133,1998,2,2,180,2.0,1,0.50,7,6,85.7,1,0,1,1,50.0,0,0,0,0,,Matches
77,Gregor Kobel\Gregor-Kobel,ch SUI,GK,Stuttgart,de Bundesliga,23-120,1997,27,27,2430,27.0,41,1.52,124,85,69.4,10,9,8,5,18.5,5,3,2,0,40.0,Matches
78,Alban Lafont\Alban-Lafont,fr FRA,GK,Nantes,fr Ligue 1,22-072,1999,31,31,2790,31.0,48,1.55,133,94,70.7,5,13,13,3,9.7,11,9,1,1,10.0,Matches
79,Michael Langer\Michael-Langer,at AUT,GK,Schalke 04,de Bundesliga,36-089,1985,3,2,239,2.7,12,4.52,24,13,50.0,0,0,2,0,0.0,0,0,0,0,,Matches
80,Gautier Larsonneur\Gautier-Larsonneur,fr FRA,GK,Brest,fr Ligue 1,24-041,1997,28,28,2520,28.0,50,1.79,136,90,67.6,9,4,15,5,17.9,7,6,1,0,14.3,Matches
81,Jean-Louis Leca\Jean-Louis-Leca,fr FRA,GK,Lens,fr Ligue 1,35-196,1985,31,31,2784,30.9,42,1.36,107,74,67.3,13,10,8,7,22.6,8,7,1,0,12.5,Matches
82,Benjamin Lecomte\Benjamin-Lecomte,fr FRA,GK,Monaco,fr Ligue 1,29-344,1991,21,21,1890,21.0,23,1.10,50,30,60.0,13,4,4,8,38.1,3,3,0,0,0.0,Matches
83,Jeremías Ledesma\Jeremias-Ledesma,ar ARG,GK,Cádiz,es La Liga,28-051,1993,26,26,2340,26.0,40,1.54,96,61,65.6,7,8,11,6,23.1,8,7,1,0,12.5,Matches
84,Bernd Leno\Bernd-Leno,de GER,GK,Arsenal,eng Premier League,29-032,1992,29,29,2591,28.8,34,1.18,103,73,68.0,12,6,11,8,27.6,2,1,1,0,50.0,Matches
85,Hugo Lloris\Hugo-Lloris,fr FRA,GK,Tottenham,eng Premier League,34-100,1986,30,30,2700,30.0,32,1.07,107,84,76.6,14,7,9,10,33.3,7,7,0,0,0.0,Matches
86,Niklas Lomb\Niklas-Lomb,de GER,GK,Leverkusen,de Bundesliga,27-251,1993,2,1,135,1.5,3,2.00,8,5,62.5,0,1,0,0,0.0,0,0,0,0,,Matches
87,Anthony Lopes\Anthony-Lopes,pt POR,GK,Lyon,fr Ligue 1,30-186,1990,31,31,2790,31.0,31,1.00,101,76,73.3,17,10,4,10,32.3,7,4,2,1,33.3,Matches
88,Pau López\Pau-Lopez,es ESP,GK,Roma,it Serie A,26-113,1994,19,18,1637,18.2,25,1.37,66,47,66.7,10,3,5,4,22.2,3,3,0,0,0.0,Matches
89,Andreas Luthe\Andreas-Luthe,de GER,GK,Union Berlin,de Bundesliga,34-026,1987,24,24,2138,23.8,32,1.35,85,57,67.1,8,10,6,5,20.8,4,4,0,0,0.0,Matches
90,Mike Maignan\Mike-Maignan,fr FRA,GK,Lille,fr Ligue 1,25-128,1995,31,31,2790,31.0,19,0.61,85,67,78.8,19,9,3,17,54.8,1,1,0,0,0.0,Matches
91,Radosław Majecki\Radoslaw-Majecki,pl POL,GK,Monaco,fr Ligue 1,21-140,1999,1,1,90,1.0,1,1.00,2,1,50.0,1,0,0,0,0.0,0,0,0,0,,Matches
92,Steve Mandanda\Steve-Mandanda,fr FRA,GK,Marseille,fr Ligue 1,36-008,1985,30,30,2700,30.0,34,1.13,94,63,66.0,13,9,8,8,26.7,2,2,0,0,0.0,Matches
93,Vito Mannone\Vito-Mannone,it ITA,GK,Monaco,fr Ligue 1,33-034,1988,9,9,810,9.0,14,1.56,30,18,60.0,5,1,3,2,22.2,2,2,0,0,0.0,Matches
94,Federico Marchetti\Federico-Marchetti,it ITA,GK,Genoa,it Serie A,38-057,1983,3,3,244,2.7,7,2.58,13,6,46.2,0,1,2,0,0.0,0,0,0,0,,Matches
95,Emiliano Martínez\Emiliano-Martinez,ar ARG,GK,Aston Villa,eng Premier League,28-215,1992,29,29,2610,29.0,31,1.07,131,101,78.6,13,5,11,14,48.3,4,3,1,0,25.0,Matches
96,Jordi Masip\Jordi-Masip,es ESP,GK,Valladolid,es La Liga,32-092,1989,18,18,1620,18.0,25,1.39,71,48,69.0,4,7,7,2,11.1,3,3,0,0,0.0,Matches
97,Alex McCarthy\Alex-McCarthy,eng ENG,GK,Southampton,eng Premier League,31-123,1989,25,25,2250,25.0,48,1.92,113,70,61.9,7,6,12,7,28.0,5,5,0,0,0.0,Matches
98,Edouard Mendy\Edouard-Mendy,sn SEN,GK,Rennes,fr Ligue 1,29-035,1992,1,1,90,1.0,1,1.00,1,0,0.0,0,1,0,0,0.0,0,0,0,0,,Matches
99,Edouard Mendy\Edouard-Mendy,sn SEN,GK,Chelsea,eng Premier League,29-035,1992,25,25,2250,25.0,21,0.84,64,45,70.3,12,7,6,14,56.0,2,2,0,0,0.0,Matches
100,Alex Meret\Alex-Meret,it ITA,GK,Napoli,it Serie A,24-014,1997,13,13,1170,13.0,20,1.54,53,36,66.0,8,2,3,4,30.8,2,2,0,0,0.0,Matches
101,Illan Meslier\Illan-Meslier,fr FRA,GK,Leeds United,eng Premier League,21-034,2000,29,29,2610,29.0,47,1.62,148,109,73.0,13,3,13,9,31.0,8,7,1,0,12.5,Matches
102,Vanja Milinković-Savić\Vanja-Milinkovic-Savic,rs SRB,GK,Torino,it Serie A,24-044,1997,2,2,180,2.0,4,2.00,10,7,70.0,0,1,1,0,0.0,1,1,0,0,0.0,Matches
103,Antonio Mirante\Antonio-Mirante,it ITA,GK,Roma,it Serie A,37-271,1983,11,11,973,10.8,16,1.48,39,24,64.1,5,3,3,4,36.4,3,2,1,0,33.3,Matches
104,Lorenzo Montipò\Lorenzo-Montipo,it ITA,GK,Benevento,it Serie A,25-044,1996,29,29,2610,29.0,54,1.86,130,81,60.8,7,9,13,7,24.1,3,3,0,0,0.0,Matches
105,Jessy Moulin\Jessy-Moulin,fr FRA,GK,Saint-Étienne,fr Ligue 1,35-082,1986,29,29,2610,29.0,42,1.45,100,61,62.0,8,9,12,9,31.0,4,4,0,0,0.0,Matches
106,Florian Müller\Florian-Muller,de GER,GK,Freiburg,de Bundesliga,23-143,1997,27,27,2430,27.0,41,1.52,137,99,71.5,10,7,10,5,18.5,3,2,1,0,33.3,Matches
107,Juan Musso\Juan-Musso,ar ARG,GK,Udinese,it Serie A,26-334,1994,27,27,2430,27.0,34,1.26,105,77,73.3,7,9,11,8,29.6,6,6,0,0,0.0,Matches
108,Paul Nardi\Paul-Nardi,fr FRA,GK,Lorient,fr Ligue 1,26-322,1994,18,18,1620,18.0,37,2.06,87,54,60.9,3,3,12,2,11.1,4,3,0,1,0.0,Matches
109,Keylor Navas\Keylor-Navas,cr CRC,GK,Paris S-G,fr Ligue 1,34-111,1986,23,23,2025,22.5,15,0.67,68,53,79.4,16,2,5,13,56.5,2,1,1,0,50.0,Matches
110,Neto\Neto,br BRA,GK,Barcelona,es La Liga,31-260,1989,6,6,540,6.0,6,1.00,19,14,78.9,2,2,2,2,33.3,2,2,0,0,0.0,Matches
111,Manuel Neuer\Manuel-Neuer,de GER,GK,Bayern Munich,de Bundesliga,35-009,1986,27,27,2430,27.0,35,1.30,107,72,68.2,20,4,3,7,25.9,2,1,0,1,0.0,Matches
112,Jan Oblak\Jan-Oblak,si SVN,GK,Atlético Madrid,es La Liga,28-088,1993,29,29,2610,29.0,19,0.66,89,74,79.8,20,6,3,14,48.3,3,1,2,0,66.7,Matches
113,Robin Olsen\Robin-Olsen,se SWE,GK,Everton,eng Premier League,31-087,1990,5,5,450,5.0,8,1.60,20,12,65.0,2,1,2,1,20.0,1,1,0,0,0.0,Matches
114,Jonas Omlin\Jonas-Omlin,ch SUI,GK,Montpellier,fr Ligue 1,27-085,1994,27,27,2313,25.7,42,1.63,116,85,73.3,10,8,9,2,7.4,11,11,0,0,0.0,Matches
115,Stefan Ortega\Stefan-Ortega,de GER,GK,Arminia,de Bundesliga,28-150,1992,27,27,2430,27.0,46,1.70,145,103,71.0,6,5,16,6,22.2,5,4,1,0,20.0,Matches
116,David Ospina\David-Ospina,co COL,GK,Napoli,it Serie A,32-217,1988,15,15,1350,15.0,12,0.80,35,26,74.3,10,0,5,7,46.7,3,3,0,0,0.0,Matches
117,Alexandre Oukidja\Alexandre-Oukidja,dz ALG,GK,Metz,fr Ligue 1,32-260,1988,27,27,2428,27.0,27,1.00,89,67,75.3,11,8,8,7,25.9,6,5,1,0,16.7,Matches
118,Fernando Pacheco\Fernando-Pacheco,es ESP,GK,Alavés,es La Liga,28-322,1992,29,29,2610,29.0,47,1.62,117,72,62.4,5,8,16,6,20.7,3,3,0,0,0.0,Matches
119,Alberto Paleari\Alberto-Paleari,it ITA,GK,Genoa,it Serie A,28-219,1992,2,1,116,1.3,3,2.33,8,4,62.5,0,0,1,0,0.0,0,0,0,0,,Matches
120,Rui Patrício\Rui-Patricio,pt POR,GK,Wolves,eng Premier League,33-049,1988,29,29,2609,29.0,38,1.31,103,73,68.9,9,8,12,8,27.6,7,6,1,0,14.3,Matches
121,Jiří Pavlenka\Jiri-Pavlenka,cz CZE,GK,Werder Bremen,de Bundesliga,28-356,1992,27,27,2430,27.0,39,1.44,112,77,67.0,7,9,11,5,18.5,4,2,2,0,50.0,Matches
122,Bailey Peacock-Farrell\Bailey-Peacock-Farrell,nir NIR,GK,Burnley,eng Premier League,24-158,1996,1,1,90,1.0,5,5.00,7,2,28.6,0,0,1,0,0.0,0,0,0,0,,Matches
123,Gianluca Pegolo\Gianluca-Pegolo,it ITA,GK,Sassuolo,it Serie A,40-011,1981,1,1,90,1.0,0,0.00,1,1,100.0,0,1,0,1,100.0,0,0,0,0,,Matches
124,Yohann Pelé\Yohann-Pele,fr FRA,GK,Marseille,fr Ligue 1,38-152,1982,1,1,90,1.0,2,2.00,5,2,60.0,0,0,1,0,0.0,0,0,0,0,,Matches
125,Philipp Pentke\Philipp-Pentke,de GER,GK,Hoffenheim,de Bundesliga,35-339,1985,1,1,90,1.0,1,1.00,2,1,50.0,0,1,0,0,0.0,0,0,0,0,,Matches
126,Juan Pérez\Juan-Perez,es ESP,GK,Osasuna,es La Liga,24-264,1996,1,1,90,1.0,0,0.00,3,2,100.0,0,1,0,1,100.0,0,0,0,0,,Matches
127,Mattia Perin\Mattia-Perin,it ITA,GK,Genoa,it Serie A,28-146,1992,25,25,2249,25.0,31,1.24,111,83,76.6,7,10,8,6,24.0,5,5,0,0,0.0,Matches
128,Pavao Pervan\Pavao-Pervan,at AUT,GK,Wolfsburg,de Bundesliga,33-143,1987,1,1,90,1.0,1,1.00,7,5,85.7,0,1,0,0,0.0,0,0,0,0,,Matches
129,Jordan Pickford\Jordan-Pickford,eng ENG,GK,Everton,eng Premier League,27-029,1994,23,23,2022,22.5,29,1.29,97,69,72.2,12,3,8,6,26.1,3,2,0,1,0.0,Matches
130,Nick Pope\Nick-Pope,eng ENG,GK,Burnley,eng Premier League,28-351,1992,29,29,2610,29.0,35,1.21,138,106,76.8,8,9,12,9,31.0,3,3,0,0,0.0,Matches
131,Ivan Provedel\Ivan-Provedel,it ITA,GK,Spezia,it Serie A,27-019,1994,22,22,1980,22.0,39,1.77,88,54,61.4,5,7,10,4,18.2,6,5,1,0,16.7,Matches
132,Anthony Racioppi\Anthony-Racioppi,ch SUI,GK,Dijon,fr Ligue 1,22-095,1998,21,21,1890,21.0,33,1.57,93,63,67.7,2,6,13,3,14.3,4,3,1,0,25.0,Matches
133,Rafael\Rafael,br BRA,GK,Spezia,it Serie A,39-033,1982,2,1,117,1.3,3,2.31,9,6,66.7,0,0,1,1,100.0,0,0,0,0,,Matches
134,Predrag Rajković\Predrag-Rajkovic,rs SRB,GK,Reims,fr Ligue 1,25-156,1995,30,30,2655,29.5,37,1.25,124,91,72.6,9,12,9,8,26.7,6,3,2,1,40.0,Matches
135,Aaron Ramsdale\Aaron-Ramsdale,eng ENG,GK,Sheffield Utd,eng Premier League,22-326,1998,30,30,2700,30.0,52,1.73,160,112,69.4,4,2,24,2,6.7,4,3,0,1,0.0,Matches
136,Darren Randolph\Darren-Randolph,ie IRL,GK,West Ham,eng Premier League,33-328,1987,2,2,180,2.0,2,1.00,5,3,60.0,1,0,1,1,50.0,0,0,0,0,,Matches
137,Federico Ravaglia\Federico-Ravaglia,it ITA,GK,Bologna,it Serie A,21-145,1999,2,2,180,2.0,6,3.00,10,4,40.0,0,0,2,0,0.0,0,0,0,0,,Matches
138,Pepe Reina\Pepe-Reina,es ESP,GK,Lazio,it Serie A,38-217,1982,22,22,1980,22.0,26,1.18,78,57,73.1,14,3,5,7,31.8,5,5,0,0,0.0,Matches
139,Álex Remiro\Alex-Remiro,es ESP,GK,Real Sociedad,es La Liga,26-012,1995,28,28,2520,28.0,28,1.00,71,45,63.4,12,9,7,11,39.3,3,2,1,0,33.3,Matches
140,Baptiste Reynet\Baptiste-Reynet,fr FRA,GK,Nîmes,fr Ligue 1,30-159,1990,31,31,2790,31.0,58,1.87,151,97,65.6,8,5,18,7,22.6,9,6,2,1,25.0,Matches
141,Sergio Rico\Sergio-Rico,es ESP,GK,Paris S-G,fr Ligue 1,27-216,1993,8,7,675,7.5,6,0.80,28,23,78.6,4,1,2,5,71.4,0,0,0,0,,Matches
142,Roberto\Roberto,es ESP,GK,Valladolid,es La Liga,35-054,1986,10,10,900,10.0,13,1.30,35,24,68.6,1,5,4,1,10.0,3,2,0,1,0.0,Matches
143,Joel Robles\Joel-Robles,es ESP,GK,Betis,es La Liga,30-292,1990,18,18,1620,18.0,25,1.39,56,37,62.5,9,2,7,6,33.3,5,4,1,0,20.0,Matches
144,Marek Rodák\Marek-Rodak,sk SVK,GK,Fulham,eng Premier League,24-113,1996,1,1,90,1.0,3,3.00,5,2,40.0,0,0,1,0,0.0,0,0,0,0,,Matches
145,Rubén\Ruben,es ESP,GKMF,Osasuna,es La Liga,36-287,1984,3,3,187,2.1,5,2.41,9,3,44.4,0,2,1,0,0.0,0,0,0,0,,Matches
146,John Ruddy\John-Ruddy,eng ENG,GK,Wolves,eng Premier League,34-163,1986,1,0,1,0.0,0,0.00,0,0,,0,0,0,0,,0,0,0,0,,Matches
147,Mathew Ryan\Mathew-Ryan,au AUS,GK,Brighton,eng Premier League,28-362,1992,11,11,990,11.0,19,1.73,30,16,50.0,2,4,5,2,18.2,4,4,0,0,0.0,Matches
148,Mathew Ryan\Mathew-Ryan,au AUS,GK,Arsenal,eng Premier League,28-362,1992,1,1,90,1.0,1,1.00,8,7,87.5,0,0,1,0,0.0,0,0,0,0,,Matches
149,Frederik Rønnow\Frederik-Ronnow,dk DEN,GK,Schalke 04,de Bundesliga,28-244,1992,11,10,945,10.5,24,2.29,64,46,68.8,0,4,6,1,10.0,4,4,0,0,0.0,Matches
150,Romain Salin\Romain-Salin,fr FRA,GK,Rennes,fr Ligue 1,36-250,1984,15,15,1350,15.0,14,0.93,54,40,74.1,9,4,2,5,33.3,0,0,0,0,,Matches
151,Robert Sánchez\Robert-Sanchez,es ESP,GK,Brighton,eng Premier League,23-138,1997,19,19,1710,19.0,19,1.00,61,45,72.1,5,7,7,7,36.8,3,2,0,1,0.0,Matches
152,Kasper Schmeichel\Kasper-Schmeichel,dk DEN,GK,Leicester City,eng Premier League,34-151,1986,30,30,2700,30.0,34,1.13,109,75,70.6,17,5,8,10,33.3,2,2,0,0,0.0,Matches
153,Alexander Schwolow\Alexander-Schwolow,de GER,GK,Hertha BSC,de Bundesliga,28-307,1992,19,19,1710,19.0,33,1.74,72,44,61.1,4,6,9,5,26.3,5,5,0,0,0.0,Matches
154,Matz Sels\Matz-Sels,be BEL,GK,Strasbourg,fr Ligue 1,29-038,1992,1,1,90,1.0,2,2.00,5,4,80.0,1,0,0,0,0.0,1,1,0,0,0.0,Matches
155,Luigi Sepe\Luigi-Sepe,it ITA,GK,Parma,it Serie A,29-332,1991,29,29,2610,29.0,56,1.93,136,83,59.6,3,11,15,5,17.2,1,1,0,0,0.0,Matches
156,Rui Silva\Rui-Silva,pt POR,GK,Granada,es La Liga,27-057,1994,28,28,2520,28.0,47,1.68,113,68,61.1,10,6,12,8,28.6,8,3,4,1,57.1,Matches
157,Marco Silvestri\Marco-Silvestri,it ITA,GK,Hellas Verona,it Serie A,30-034,1991,29,29,2610,29.0,34,1.17,112,82,73.2,11,8,10,7,24.1,5,4,0,1,0.0,Matches
158,Unai Simón\Unai-Simon,es ESP,GK,Athletic Club,es La Liga,23-298,1997,28,28,2520,28.0,32,1.14,78,52,65.4,9,8,11,6,21.4,6,5,1,0,16.7,Matches
159,Tobias Sippel\Tobias-Sippel,de GER,GK,M'Gladbach,de Bundesliga,33-014,1988,1,1,90,1.0,1,1.00,2,1,50.0,0,1,0,0,0.0,0,0,0,0,,Matches
160,Salvatore Sirigu\Salvatore-Sirigu,it ITA,GK,Torino,it Serie A,34-083,1987,26,26,2340,26.0,48,1.85,93,51,54.8,4,11,11,5,19.2,6,6,0,0,0.0,Matches
161,Łukasz Skorupski\Lukasz-Skorupski,pl POL,GK,Bologna,it Serie A,29-335,1991,21,21,1890,21.0,30,1.43,108,82,75.0,9,2,10,4,19.0,5,3,2,0,40.0,Matches
162,Yann Sommer\Yann-Sommer,ch SUI,GK,M'Gladbach,de Bundesliga,32-109,1988,26,26,2340,26.0,40,1.54,99,63,64.6,10,8,8,5,19.2,5,5,0,0,0.0,Matches
163,David Soria\David-Soria,es ESP,GK,Getafe,es La Liga,28-001,1993,20,20,1800,20.0,21,1.05,59,43,71.2,4,7,9,8,40.0,5,4,1,0,20.0,Matches
164,Marco Sportiello\Marco-Sportiello,it ITA,GK,Atalanta,it Serie A,28-330,1992,13,12,1105,12.3,18,1.47,42,24,57.1,8,1,3,2,16.7,1,0,1,0,100.0,Matches
165,Zack Steffen\Zack-Steffen,us USA,GK,Manchester City,eng Premier League,26-003,1995,1,1,90,1.0,1,1.00,2,1,50.0,1,0,0,0,0.0,0,0,0,0,,Matches
166,Thomas Strakosha\Thomas-Strakosha,al ALB,GK,Lazio,it Serie A,26-017,1995,6,6,540,6.0,12,2.00,27,16,59.3,2,1,3,1,16.7,1,1,0,0,0.0,Matches
167,Wojciech Szczęsny\Wojciech-Szczesny,pl POL,GK,Juventus,it Serie A,30-352,1990,23,23,2070,23.0,23,1.00,75,53,72.0,12,7,4,5,21.7,3,2,1,0,33.3,Matches
168,Ciprian Tătărușanu\Ciprian-Tatarusanu,ro ROU,GK,Milan,it Serie A,35-055,1986,1,1,90,1.0,3,3.00,6,4,66.7,0,1,0,0,0.0,1,1,0,0,0.0,Matches
169,Marc-André ter Stegen\Marc-Andre-ter-Stegen,de GER,GK,Barcelona,es La Liga,28-340,1992,22,22,1980,22.0,18,0.82,72,57,77.8,17,3,2,9,40.9,2,2,0,0,0.0,Matches
170,Pietro Terracciano\Pietro-Terracciano,it ITA,GK,Fiorentina,it Serie A,31-028,1990,1,0,47,0.5,2,3.83,2,0,0.0,0,0,0,0,,0,0,0,0,,Matches
171,Kevin Trapp\Kevin-Trapp,de GER,GK,Eint Frankfurt,de Bundesliga,30-271,1990,27,27,2430,27.0,37,1.37,111,79,70.3,13,11,3,3,11.1,4,4,0,0,0.0,Matches
172,Tomáš Vaclík\Tomas-Vaclik,cz CZE,GK,Sevilla,es La Liga,32-007,1989,4,4,360,4.0,5,1.25,12,7,58.3,2,0,2,1,25.0,0,0,0,0,,Matches
173,Koke Vegas\Koke-Vegas,es ESP,GK,Levante,es La Liga,25-190,1995,1,1,90,1.0,2,2.00,4,2,50.0,0,0,1,0,0.0,0,0,0,0,,Matches
174,Iván Villar\Ivan-Villar,es ESP,GK,Celta Vigo,es La Liga,23-270,1997,12,10,971,10.8,17,1.58,41,27,63.4,2,4,4,2,20.0,2,2,0,0,0.0,Matches
175,João Virgínia\Joao-Virginia,pt POR,GK,Everton,eng Premier League,21-177,1999,1,0,48,0.5,0,0.00,3,3,100.0,0,0,0,0,,0,0,0,0,,Matches
176,Rubén Yáñez\Ruben-Yanez,es ESP,GK,Getafe,es La Liga,27-175,1993,9,9,810,9.0,12,1.33,28,17,60.7,3,2,4,3,33.3,1,1,0,0,0.0,Matches
177,Yoel\Yoel,es ESP,GK,Eibar,es La Liga,32-220,1988,2,1,120,1.3,1,0.75,1,0,0.0,0,1,0,0,0.0,0,0,0,0,,Matches
178,Robin Zentner\Robin-Zentner,de GER,GK,Mainz 05,de Bundesliga,26-159,1994,26,26,2340,26.0,41,1.58,117,80,68.4,6,7,13,4,15.4,5,4,0,1,0.0,Matches
179,Ron-Robert Zieler\Ron-Robert-Zieler,de GER,GK,Köln,de Bundesliga,32-052,1989,1,0,51,0.6,1,1.76,2,2,100.0,0,0,0,0,,1,1,0,0,0.0,Matches
180,Jeroen Zoet\Jeroen-Zoet,nl NED,GK,Spezia,it Serie A,30-089,1991,6,6,513,5.7,11,1.93,25,16,64.0,2,1,3,1,16.7,2,2,0,0,0.0,Matches

